hud_area_code,hud_area_name,designated_year,implemented,cohort
METRO10420M10420,"Akron, OH MSA",2023,2025-01-01,expansion41
METRO12060M12060,"Atlanta-Sandy Springs-Roswell, GA HUD Metro FMR Area",2016,2018-04-01,final24
METRO12260M12260,"Augusta-Richmond County, GA-SC HUD Metro FMR Area",2023,2025-01-01,expansion41
METRO13140M13140,"Beaumont-Port Arthur, TX MSA",2023,2025-01-01,expansion41
METRO35620MM0875,"Bergen-Passaic, NJ HUD Metro FMR Area",2016,2018-04-01,final24
METRO13820M13820,"Birmingham-Hoover, AL HUD Metro FMR Area",2023,2025-01-01,expansion41
METRO15380M15380,"Buffalo-Cheektowaga-Niagara Falls, NY MSA",2023,2025-01-01,expansion41
METRO16700M16700,"Charleston-North Charleston, SC MSA",2023,2025-01-01,expansion41
METRO16740M16740,"Charlotte-Concord-Gastonia, NC-SC HUD Metro FMR Area",2016,2018-04-01,final24
METRO16860M16860,"Chattanooga, TN-GA MSA",2023,2025-01-01,expansion41
METRO16980M16980,"Chicago-Joliet-Naperville, IL HUD Metro FMR Area",2016,2018-04-01,final24
METRO17140M17140,"Cincinnati, OH-KY-IN HUD Metro FMR Area",2023,2025-01-01,expansion41
METRO17410N17460,"Cleveland, OH HUD Metro FMR Area",2023,2025-01-01,expansion41
METRO17820M17820,"Colorado Springs, CO HUD Metro FMR Area",2016,2018-04-01,final24
METRO18140M18140,"Columbus, OH HUD Metro FMR Area",2023,2025-01-01,expansion41
METRO19100M19100,"Dallas, TX HUD Metro FMR Area",2011,2011-10-01,dallas_court
METRO19430M19430,"Dayton-Kettering, OH MSA",2023,2025-01-01,expansion41
METRO19780M19780,"Des Moines-West Des Moines, IA HUD Metro FMR Area",2023,2025-01-01,expansion41
METRO19820M19820,"Detroit-Warren-Livonia, MI HUD Metro FMR Area",2023,2025-01-01,expansion41
METRO33100MM2680,"Fort Lauderdale, FL HUD Metro FMR Area",2016,2018-04-01,final24
METRO23060M23060,"Fort Wayne, IN MSA",2023,2025-01-01,expansion41
METRO19100MM2800,"Fort Worth-Arlington, TX HUD Metro FMR Area",2016,2018-04-01,final24
METRO16980MM2960,"Gary, IN HUD Metro FMR Area",2016,2018-04-01,final24
METRO24660M24660,"Greensboro-High Point, NC HUD Metro FMR Area",2023,2025-01-01,expansion41
METRO25420M25420,"Harrisburg-Carlisle, PA MSA",2023,2025-01-01,expansion41
METRO25540M25540,"Hartford-West Hartford-East Hartford, CT HUD Metro FMR Area",2016,2018-04-01,final24
METRO26900M26900,"Indianapolis-Carmel, IN HUD Metro FMR Area",2023,2025-01-01,expansion41
METRO27140M27140,"Jackson, MS HUD Metro FMR Area",2016,2018-04-01,final24
METRO27260M27260,"Jacksonville, FL HUD Metro FMR Area",2016,2018-04-01,final24
METRO35620MM3640,"Jersey City, NJ HUD Metro FMR Area",2023,2025-01-01,expansion41
METRO28140M28140,"Kansas City, MO-KS HUD Metro FMR Area",2023,2025-01-01,expansion41
METRO28940M28940,"Knoxville, TN HUD Metro FMR Area",2023,2025-01-01,expansion41
METRO31080MM4480,"Los Angeles-Long Beach-Glendale, CA HUD Metro FMR Area",2023,2025-01-01,expansion41
METRO31140M31140,"Louisville, KY-IN HUD Metro FMR Area",2023,2025-01-01,expansion41
METRO32820M32820,"Memphis, TN-MS-AR HUD Metro FMR Area",2023,2025-01-01,expansion41
METRO33100MM5000,"Miami-Miami Beach-Kendall, FL HUD Metro FMR Area",2023,2025-01-01,expansion41
METRO33660M33660,"Mobile, AL HUD Metro FMR Area",2023,2025-01-01,expansion41
METRO35620MM5190,"Monmouth-Ocean, NJ HUD Metro FMR Area",2016,2018-04-01,final24
METRO33860M33860,"Montgomery, AL MSA",2023,2025-01-01,expansion41
METRO34980M34980,"Nashville-Davidson--Murfreesboro--Franklin, TN HUD Metro FMR Area",2023,2025-01-01,expansion41
METRO35840M35840,"North Port-Sarasota-Bradenton, FL MSA",2016,2018-04-01,final24
METRO36420M36420,"Oklahoma City, OK HUD Metro FMR Area",2023,2025-01-01,expansion41
METRO36540M36540,"Omaha-Council Bluffs, NE-IA HUD Metro FMR Area",2023,2025-01-01,expansion41
METRO36740M36740,"Orlando-Kissimmee-Sanford, FL MSA",2023,2025-01-01,expansion41
METRO37100M37100,"Oxnard-Thousand Oaks-Ventura, CA MSA",2023,2025-01-01,expansion41
METRO37340M37340,"Palm Bay-Melbourne-Titusville, FL MSA",2016,2018-04-01,final24
METRO37980M37980,"Philadelphia-Camden-Wilmington, PA-NJ-DE-MD MSA",2016,2018-04-01,final24
METRO38060M38060,"Phoenix-Mesa-Scottsdale, AZ MSA",2023,2025-01-01,expansion41
METRO38300M38300,"Pittsburgh, PA HUD Metro FMR Area",2016,2018-04-01,final24
METRO39580M39580,"Raleigh, NC MSA",2023,2025-01-01,expansion41
METRO40900M40900,"Sacramento--Roseville--Arden-Arcade, CA HUD Metro FMR Area",2016,2018-04-01,final24
METRO41700M41700,"San Antonio-New Braunfels, TX HUD Metro FMR Area",2016,2018-04-01,final24
METRO41740M41740,"San Diego-Carlsbad, CA MSA",2016,2018-04-01,final24
METRO41940M41940,"San Jose-Sunnyvale-Santa Clara, CA HUD Metro FMR Area",2023,2025-01-01,expansion41
METRO42660MM7600,"Seattle-Bellevue, WA HUD Metro FMR Area",2023,2025-01-01,expansion41
METRO41180M41180,"St. Louis, MO-IL HUD Metro FMR Area",2023,2025-01-01,expansion41
METRO45300M45300,"Tampa-St. Petersburg-Clearwater, FL MSA",2016,2018-04-01,final24
METRO46060M46060,"Tucson, AZ MSA",2023,2025-01-01,expansion41
METRO46140M46140,"Tulsa, OK HUD Metro FMR Area",2023,2025-01-01,expansion41
METRO46520M46520,"Urban Honolulu, HI MSA",2016,2018-04-01,final24
METRO47260M47260,"Virginia Beach-Norfolk-Newport News, VA-NC HUD Metro FMR Area",2023,2025-01-01,expansion41
METRO47900M47900,"Washington-Arlington-Alexandria, DC-VA-MD HUD Metro FMR Area",2016,2018-04-01,final24
METRO33100MM8960,"West Palm Beach-Boca Raton, FL HUD Metro FMR Area",2016,2018-04-01,final24
METRO48620M48620,"Wichita, KS HUD Metro FMR Area",2023,2025-01-01,expansion41
METRO49180M49180,"Winston-Salem, NC HUD Metro FMR Area",2023,2025-01-01,expansion41
